namioka,20190320165118729742000,12335,1762,3608
namioka,20190320165118736441000,26121,24883,25220
namioka,20190320165118741620000,806,14686,26718
namioka,20190320165118747074000,4597,9440,1716
namioka,20190320165118751611000,8068,16675,6970
namioka,20190320165118758754000,9791,11269,32105
namioka,20190320165118768905000,2137,9331,4656
namioka,20190320165118785080000,4030,16961,26417
namioka,20190320165118792799000,19467,8650,1669
namioka,20190320165118801339000,7191,17192,8274
namioka,20190320165118807635000,30892,5855,10282
namioka,20190320165118814785000,5750,23467,32644
namioka,20190320165118820458000,29316,24284,243
namioka,20190320165118826920000,14665,16303,6258
namioka,20190320165118833488000,13633,3065,16647
namioka,20190320165118839003000,3575,726,26903
namioka,20190320165118844749000,7791,22666,5449
namioka,20190320165118849733000,18901,28941,27308
namioka,20190320165118854467000,26385,14869,32373
namioka,20190320165118859345000,2157,24349,13225
namioka,20190320165118864713000,27927,20568,7261
namioka,20190320165118870295000,18703,16362,21214
namioka,20190320165118874708000,5424,16925,17746
namioka,20190320165118879458000,22083,3418,15155
namioka,20190320165118883889000,24608,4171,27934
namioka,20190320165118888222000,4256,13393,20263
namioka,20190320165118895054000,18141,32592,3835
namioka,20190320165118899708000,9064,10466,20516
namioka,20190320165118904564000,5074,29152,25763
namioka,20190320165118910731000,21469,11579,13423
namioka,20190320165118915971000,9821,29508,12336
namioka,20190320165118920871000,24481,514,32371
namioka,20190320165118926478000,26430,27496,17357
namioka,20190320165118932483000,28857,16720,18492
namioka,20190320165118939183000,9182,28896,18772
namioka,20190320165118950668000,26783,18555,17202
namioka,20190320165118958173000,22072,19333,22914
namioka,20190320165118964190000,3561,28704,8032
namioka,20190320165118968933000,2796,24906,26052
namioka,20190320165118976001000,18720,285,19883
namioka,20190320165118981813000,13389,19228,27624
namioka,20190320165118986488000,6864,8426,798
namioka,20190320165118991626000,22114,24169,25322
namioka,20190320165118996102000,14723,8835,26294
namioka,20190320165119001830000,23989,19468,1203
namioka,20190320165119008547000,9038,8866,3894
namioka,20190320165119017488000,23357,18673,27254
namioka,20190320165119025606000,13513,12525,24075
namioka,20190320165119030545000,28657,23486,19044
namioka,20190320165119035904000,17810,20799,9447
namioka,20190320165119042034000,26560,17481,17834
namioka,20190320165119051464000,25541,26651,7766
namioka,20190320165119058659000,16624,9602,9666
namioka,20190320165119063534000,9322,26789,31795
namioka,20190320165119068326000,20410,22848,17943
namioka,20190320165119081606000,24368,31747,27451
namioka,20190320165119095054000,3145,22887,18539
namioka,20190320165119102309000,8409,22396,23726
namioka,20190320165119115567000,22187,14412,20529
namioka,20190320165119123214000,30321,17045,4181
namioka,20190320165119131523000,30208,11943,5088
namioka,20190320165119137688000,32297,30862,28387
namioka,20190320165119144066000,13775,22197,11107
namioka,20190320165119149200000,4095,23675,16225
namioka,20190320165119154311000,20703,3850,5412
namioka,20190320165119160933000,5743,7621,8587
namioka,20190320165119166878000,31548,19769,1340
namioka,20190320165119175317000,21312,27047,10837
namioka,20190320165119182181000,29557,16764,3699
namioka,20190320165119188695000,26268,12308,15334
namioka,20190320165119197131000,16550,28770,25190
namioka,20190320165119205159000,26521,15233,13165
namioka,20190320165119211506000,30937,12634,16508
namioka,20190320165119217307000,25984,2516,723
namioka,20190320165119223991000,2023,8290,14358
namioka,20190320165119232183000,18976,14019,23089
namioka,20190320165119240974000,26713,27594,14830
namioka,20190320165119246177000,5766,25701,22775
namioka,20190320165119251299000,6434,16098,4822
namioka,20190320165119256666000,16522,29956,1545
namioka,20190320165119263982000,26002,29474,3171
namioka,20190320165119270294000,31584,12495,2489
namioka,20190320165119276297000,4774,388,20165
namioka,20190320165119281653000,12147,28916,28788
namioka,20190320165119287563000,10809,11235,31901
namioka,20190320165119294677000,23310,20906,17446
namioka,20190320165119300326000,22948,29850,18641
namioka,20190320165119305946000,13188,17210,26941
namioka,20190320165119310347000,24449,22991,32593
namioka,20190320165119315805000,17527,15523,11612
namioka,20190320165119321050000,10898,6421,25477
namioka,20190320165119326314000,20953,9143,864
namioka,20190320165119332389000,15317,20518,3240
namioka,20190320165119338693000,3578,21489,16147
namioka,20190320165119346054000,8857,15914,28455
namioka,20190320165119352417000,7914,25829,11105
namioka,20190320165119358148000,13755,16715,22204
namioka,20190320165119362666000,31512,4114,27776
namioka,20190320165119367393000,7213,4170,8500
namioka,20190320165119371894000,15053,4869,940
namioka,20190320165119378127000,16970,23115,5574
namioka,20190320165119385024000,8719,19541,15330
namioka,20190320165119390793000,4404,18213,29302
namioka,20190320165119396048000,27846,4508,25834
namioka,20190320165119401661000,30857,17936,29664
namioka,20190320165119407222000,18875,25019,23766
namioka,20190320165119411765000,10962,7288,22776
namioka,20190320165119416742000,8904,19490,29269
namioka,20190320165119421079000,22313,1998,9207
namioka,20190320165119425608000,31926,13215,24873
namioka,20190320165119429832000,28198,21523,20115
namioka,20190320165119434156000,27357,1474,20032
namioka,20190320165119438668000,31872,2113,1153
namioka,20190320165119442972000,25324,7672,20183
namioka,20190320165119447401000,12875,8192,13997
namioka,20190320165119451783000,27066,26734,15291
namioka,20190320165119456152000,19786,27755,12818
namioka,20190320165119460804000,28400,31305,6696
namioka,20190320165119465099000,24922,4932,7690
namioka,20190320165119469260000,17692,22877,14438
namioka,20190320165119473699000,31026,151,30581
namioka,20190320165119478182000,28019,23033,5810
namioka,20190320165119482555000,9578,6325,28722
namioka,20190320165119486863000,9352,14311,16796
namioka,20190320165119491403000,7590,8826,16925
namioka,20190320165119495784000,7186,15531,9816
namioka,20190320165119500254000,2774,17276,8645
namioka,20190320165119507417000,24359,6432,22934
namioka,20190320165119511886000,23059,15469,16583
namioka,20190320165119525476000,9435,24097,32215
namioka,20190320165119530017000,22640,29747,29790
namioka,20190320165119534644000,8631,11771,31158
namioka,20190320165119539310000,28064,19578,8107
namioka,20190320165119544008000,19942,30401,8826
namioka,20190320165119548682000,7232,20220,20159
namioka,20190320165119553570000,5216,20125,24438
namioka,20190320165119558116000,5424,12207,16690
namioka,20190320165119562401000,1547,28153,20017
namioka,20190320165119566718000,11137,19675,3258
namioka,20190320165119570849000,14241,30435,31036
namioka,20190320165119575082000,10853,29301,1944
namioka,20190320165119579441000,22592,29335,26861
namioka,20190320165119583547000,17158,26493,745
namioka,20190320165119587763000,24518,3572,13676
namioka,20190320165119591989000,4230,4000,30829
namioka,20190320165119596411000,25462,7032,14146
namioka,20190320165119600785000,9897,24788,19993
namioka,20190320165119605036000,8863,8459,4254
namioka,20190320165119609727000,13989,19578,4350
namioka,20190320165119614017000,23315,2143,16500
namioka,20190320165119618221000,23378,2751,15028
namioka,20190320165119622511000,15399,19697,14076
namioka,20190320165119627666000,7982,14486,22872
namioka,20190320165119632784000,19673,22927,1073
namioka,20190320165119637306000,22038,27188,14534
namioka,20190320165119641511000,8607,5792,13556
namioka,20190320165119646406000,13512,30473,18368
namioka,20190320165119651678000,23258,22989,18378
namioka,20190320165119656088000,17991,2211,24016
namioka,20190320165119663373000,10130,14257,3595
namioka,20190320165119670278000,8702,26833,13711
namioka,20190320165119674923000,3927,16644,19187
namioka,20190320165119679772000,14071,12365,11729
namioka,20190320165119684428000,11824,5326,11611
namioka,20190320165119688965000,19986,17129,6700
namioka,20190320165119694097000,23621,22393,6912
namioka,20190320165119698651000,18211,31904,19200
namioka,20190320165119703298000,10025,19922,21713
namioka,20190320165119707723000,8327,7709,14249
namioka,20190320165119711932000,27672,17652,17013
namioka,20190320165119716438000,11542,18522,22697
namioka,20190320165119720614000,3817,12395,2080
namioka,20190320165119725404000,18158,20698,19309
namioka,20190320165119729886000,6490,14155,29293
namioka,20190320165119734428000,4381,12688,10174
namioka,20190320165119738739000,19095,24231,20720
namioka,20190320165119743015000,26857,20879,15277
namioka,20190320165119747591000,30746,18188,824
namioka,20190320165119752042000,12155,22380,9377
namioka,20190320165119756275000,1715,4593,13365
namioka,20190320165119760741000,12683,24211,20750
namioka,20190320165119765741000,14139,14899,3120
namioka,20190320165119771233000,19327,14815,6944
namioka,20190320165119775979000,32225,25036,16099
namioka,20190320165119780233000,26628,1010,9146
namioka,20190320165119784661000,19963,15038,25564
namioka,20190320165119788883000,8305,4977,9024
namioka,20190320165119793173000,2563,30927,15288
namioka,20190320165119797475000,25159,88,22014
namioka,20190320165119801823000,24782,16084,29882
namioka,20190320165119806565000,13858,7864,1735
namioka,20190320165119814252000,4239,26060,32625
namioka,20190320165119818727000,9614,20627,6813
namioka,20190320165119823191000,29413,24754,7756
namioka,20190320165119828094000,21776,15467,19311
namioka,20190320165119833252000,7029,20944,20446
namioka,20190320165119838125000,13182,15291,6451
namioka,20190320165119842813000,13376,30698,29309
namioka,20190320165119847199000,6229,6635,20601
namioka,20190320165119852375000,29514,17654,8129
namioka,20190320165119856946000,4068,28408,2382
namioka,20190320165119861740000,12883,4656,18475
namioka,20190320165119866543000,20301,29570,6951
namioka,20190320165119871214000,21760,9037,27901
namioka,20190320165119876277000,236,17583,30736
namioka,20190320165119881017000,2642,23266,1604
namioka,20190320165119885419000,5616,6338,1401
namioka,20190320165119889646000,9107,24837,25510
namioka,20190320165119894300000,28922,27298,941
namioka,20190320165119898556000,4995,17242,4535
namioka,20190320165119903071000,22986,9779,7888
namioka,20190320165119907215000,13691,18000,29105
namioka,20190320165119911549000,28850,23561,950
namioka,20190320165119915728000,31130,19167,15327
namioka,20190320165119920198000,19933,6988,28797
namioka,20190320165119924628000,29776,21540,20411
namioka,20190320165119929019000,14081,21071,26979
namioka,20190320165119933646000,6557,12858,20001
namioka,20190320165119937999000,13629,26187,29166
namioka,20190320165119942654000,27946,4898,25483
namioka,20190320165119946972000,5332,3016,6092
namioka,20190320165119952524000,1392,10284,11938
namioka,20190320165119957183000,22989,21394,27133
namioka,20190320165119961535000,8287,27342,8197
namioka,20190320165119965940000,1704,16237,24616
namioka,20190320165119970174000,12534,6913,8348
namioka,20190320165119974307000,13197,7566,3314
namioka,20190320165119978613000,8079,7252,2983
namioka,20190320165119982896000,23472,15487,28677
namioka,20190320165119987256000,13443,23327,27954
namioka,20190320165119991761000,13365,22022,26836
namioka,20190320165119999376000,24794,20798,23147
namioka,20190320165120009241000,23361,25119,32429
namioka,20190320165120014352000,15395,24901,12310
namioka,20190320165120018730000,18282,8082,288
namioka,20190320165120023267000,4523,5618,1144
namioka,20190320165120028113000,3843,23520,9136
namioka,20190320165120032704000,14570,19441,3842
namioka,20190320165120037203000,7928,25601,21006
namioka,20190320165120041600000,21800,28483,17151
namioka,20190320165120046283000,15356,21832,14543
namioka,20190320165120050808000,17732,19566,31235
namioka,20190320165120055257000,31891,15056,2416
namioka,20190320165120059768000,27045,2315,30261
namioka,20190320165120064029000,25819,2153,22220
namioka,20190320165120068412000,9494,4706,8161
namioka,20190320165120072635000,3891,13383,27013
namioka,20190320165120079655000,28531,15996,23941
namioka,20190320165120087496000,29554,6015,23878
namioka,20190320165120091858000,21159,31196,8552
namioka,20190320165120096280000,24859,31823,18765
namioka,20190320165120100728000,11824,9723,22978
namioka,20190320165120104918000,7169,17626,1032
namioka,20190320165120109592000,32606,10171,831
namioka,20190320165120114621000,25294,7145,3688
namioka,20190320165120118864000,7178,11134,14288
namioka,20190320165120123136000,29730,15557,31529
namioka,20190320165120128502000,27446,19119,19536
namioka,20190320165120134072000,18571,31791,9378
namioka,20190320165120140156000,12473,24765,25700
namioka,20190320165120144600000,12588,23795,10297
namioka,20190320165120149024000,26608,25983,17745
namioka,20190320165120153645000,5004,7005,5586
namioka,20190320165120158009000,15951,31469,1524
namioka,20190320165120162565000,4804,24052,6388
namioka,20190320165120166914000,24429,9512,2107
namioka,20190320165120171167000,10106,31298,9668
namioka,20190320165120175676000,7889,828,3861
namioka,20190320165120179966000,23151,30399,16832
namioka,20190320165120184632000,32249,13501,906
namioka,20190320165120189079000,13660,21850,16188
namioka,20190320165120193361000,13742,30997,1339
namioka,20190320165120197610000,5067,5558,8021
namioka,20190320165120201947000,10926,25318,15937
namioka,20190320165120206391000,20292,21415,13082
namioka,20190320165120210743000,18988,25834,25572
namioka,20190320165120215018000,26759,12806,23400
namioka,20190320165120219350000,16262,13578,27496
namioka,20190320165120223562000,5844,24731,3950
namioka,20190320165120227809000,12582,24924,4820
namioka,20190320165120232093000,19625,17813,29908
namioka,20190320165120236340000,11691,3763,14117
namioka,20190320165120240589000,5636,2061,26962
namioka,20190320165120245322000,13577,5768,5419
namioka,20190320165120249497000,3808,26959,26570
namioka,20190320165120254125000,10466,15734,16425
namioka,20190320165120258585000,28600,26079,22193
namioka,20190320165120262866000,20984,7069,6167
namioka,20190320165120267192000,24239,3039,31699
namioka,20190320165120271365000,32047,26478,5735
namioka,20190320165120275518000,32554,24244,20619
namioka,20190320165120279798000,31781,12980,30797
namioka,20190320165120284181000,14364,291,24866
namioka,20190320165120290339000,21213,29397,18337
namioka,20190320165120296404000,26629,23799,12605
namioka,20190320165120302978000,15603,13202,4610
namioka,20190320165120311318000,2017,25287,19283
namioka,20190320165120317840000,24685,14026,12408
namioka,20190320165120322473000,23059,24188,30226
namioka,20190320165120327583000,20463,9782,19725
namioka,20190320165120332202000,17112,15460,32387
namioka,20190320165120336884000,671,27931,13271
namioka,20190320165120341515000,17449,8199,24043
namioka,20190320165120346267000,11719,8652,640
namioka,20190320165120351273000,31677,4345,10424
namioka,20190320165120357381000,3270,18781,17716
namioka,20190320165120370892000,30696,29261,20143
namioka,20190320165120376821000,30981,24832,164
namioka,20190320165120382486000,17081,13730,19496
namioka,20190320165120390836000,3239,25223,15313
namioka,20190320165120396442000,20418,7803,25306
namioka,20190320165120401084000,31182,25408,12742
namioka,20190320165120405616000,7074,32270,28655
namioka,20190320165120410011000,1026,16440,20625
namioka,20190320165120414741000,1841,17486,11961
namioka,20190320165120419637000,11993,18755,8
namioka,20190320165120425147000,13419,4097,704
namioka,20190320165120430759000,11404,15386,3752
namioka,20190320165120436052000,22106,23176,13622
namioka,20190320165120441765000,5065,16529,10551
namioka,20190320165120446809000,13589,8629,15328
namioka,20190320165120451308000,13179,4700,31834
namioka,20190320165120455598000,15098,16397,13266
namioka,20190320165120461006000,17744,10557,9573
namioka,20190320165120465667000,18942,2495,5516
namioka,20190320165120470772000,28793,23754,30520
namioka,20190320165120475937000,19040,6577,21833
namioka,20190320165120480312000,2605,14251,4200
namioka,20190320165120484599000,29258,30361,32161
namioka,20190320165120488859000,5852,8331,18436
namioka,20190320165120494357000,15879,32020,20371
namioka,20190320165120501834000,5780,11150,15008
namioka,20190320165120506539000,2878,29006,22223
namioka,20190320165120511639000,32564,32695,31177
namioka,20190320165120516104000,15422,11527,884
namioka,20190320165120520411000,30869,12511,20197
namioka,20190320165120524648000,17067,15545,25389
namioka,20190320165120529395000,18399,12197,16916
namioka,20190320165120533554000,29866,32692,23149
namioka,20190320165120537720000,27325,30276,11139
namioka,20190320165120542614000,30416,371,29489
namioka,20190320165120547157000,24848,1312,20742
namioka,20190320165120552128000,6603,5702,1372
namioka,20190320165120557226000,9300,15767,19294
namioka,20190320165120562169000,13216,10472,23870
namioka,20190320165120566872000,28364,19496,5150
namioka,20190320165120571104000,3961,32564,30886
namioka,20190320165120575986000,31207,22121,18845
namioka,20190320165120583473000,11604,6062,15796
namioka,20190320165120588367000,7398,2776,7079
namioka,20190320165120593545000,5493,2588,29875
namioka,20190320165120598053000,19988,24235,31550
namioka,20190320165120602228000,24496,17144,30361
namioka,20190320165120606679000,25164,18503,27192
namioka,20190320165120611505000,21946,17328,10900
namioka,20190320165120616203000,4931,12753,25419
namioka,20190320165120620501000,5453,12588,5496
namioka,20190320165120626699000,9228,26131,14989
namioka,20190320165120631949000,21980,5673,10809
namioka,20190320165120636530000,22321,11538,17349
namioka,20190320165120640892000,2727,1969,10025
namioka,20190320165120645322000,21289,29182,12651
namioka,20190320165120649466000,9801,20217,3798
namioka,20190320165120653879000,10930,17924,22327
namioka,20190320165120658178000,13536,4661,4102
namioka,20190320165120662377000,8340,12039,18288
namioka,20190320165120666756000,15184,15946,7769
namioka,20190320165120670974000,13789,7534,24622
namioka,20190320165120675483000,18761,4750,24239
namioka,20190320165120680026000,21468,22598,2767
namioka,20190320165120689999000,22255,5203,32288
namioka,20190320165120694719000,15577,9926,16641
namioka,20190320165120699204000,23472,11098,28475
namioka,20190320165120704062000,24130,27268,19902
namioka,20190320165120708916000,11774,19580,13339
namioka,20190320165120713450000,31368,7706,27372
namioka,20190320165120718678000,30820,14961,11702
namioka,20190320165120723216000,19034,17,32646
namioka,20190320165120728016000,26832,28004,4508
namioka,20190320165120732268000,22955,14091,28758
namioka,20190320165120736793000,18270,8644,31019
namioka,20190320165120741079000,21282,2559,3941
namioka,20190320165120745449000,25143,15103,4784
namioka,20190320165120752282000,10066,19956,31265
namioka,20190320165120759052000,12986,10566,32478
namioka,20190320165120764990000,30093,18233,12345
namioka,20190320165120770992000,19339,18745,29338
namioka,20190320165120777211000,12713,6460,24857
namioka,20190320165120781575000,26045,5899,12115
namioka,20190320165120786179000,8671,23590,7050
namioka,20190320165120790561000,20906,10054,12670
namioka,20190320165120795601000,3235,29364,14823
namioka,20190320165120799950000,15224,28023,27145
namioka,20190320165120804287000,11185,11184,28001
namioka,20190320165120808837000,10998,14424,28201
namioka,20190320165120813215000,8888,7498,3301
namioka,20190320165120817525000,12917,27429,28627
namioka,20190320165120821859000,14022,8158,1160
namioka,20190320165120826458000,22437,13909,19731
namioka,20190320165120830926000,25612,31527,29231
namioka,20190320165120835263000,12181,5295,19191
namioka,20190320165120839455000,27114,19920,28623
namioka,20190320165120844132000,14105,10034,6576
namioka,20190320165120848599000,14965,3372,1887
namioka,20190320165120852987000,3333,25820,17782
namioka,20190320165120857478000,32294,4748,21581
namioka,20190320165120861749000,22374,4864,14695
namioka,20190320165120865996000,28732,7588,15640
namioka,20190320165120870186000,16309,22737,23090
namioka,20190320165120874367000,21523,24843,15431
namioka,20190320165120879015000,3863,29793,15439
namioka,20190320165120883640000,4560,6835,9376
namioka,20190320165120888016000,23094,26545,15949
namioka,20190320165120892378000,21365,20034,3070
namioka,20190320165120897268000,8984,14101,29505
namioka,20190320165120902053000,24500,29224,31774
namioka,20190320165120906409000,15543,15917,12026
namioka,20190320165120911622000,29046,20610,13699
namioka,20190320165120916010000,29065,4222,2064
namioka,20190320165120920305000,1666,28742,14796
namioka,20190320165120924776000,16349,2971,16046
namioka,20190320165120929545000,17515,9937,6550
namioka,20190320165120934015000,7499,26224,29471
namioka,20190320165120938384000,20276,10344,27113
namioka,20190320165120942708000,30010,3881,243
namioka,20190320165120947524000,10935,4150,3762
namioka,20190320165120952488000,32589,23905,19655
namioka,20190320165120957211000,27193,27442,16881
namioka,20190320165120961519000,23275,15776,4059
namioka,20190320165120965801000,9504,12438,4388
namioka,20190320165120971551000,5537,22449,20660
namioka,20190320165120977118000,2284,2920,2885
namioka,20190320165120982542000,2168,22480,24726
namioka,20190320165120987098000,16688,2098,18221
namioka,20190320165120991744000,14676,28695,8160
namioka,20190320165120996198000,18697,16441,7459
namioka,20190320165121001108000,507,15428,27171
namioka,20190320165121007693000,29393,16345,26491
namioka,20190320165121013440000,24749,15287,11085
namioka,20190320165121018510000,30992,17712,3924
namioka,20190320165121024849000,5220,32567,17048
namioka,20190320165121029386000,25775,29740,10284
namioka,20190320165121034043000,14230,12659,8299
namioka,20190320165121038432000,7960,4144,29216
namioka,20190320165121043206000,24083,24407,1534
namioka,20190320165121047686000,1191,4066,24724
namioka,20190320165121052156000,13862,13378,2326
namioka,20190320165121056586000,18398,32104,908
namioka,20190320165121061026000,1970,4988,31531
namioka,20190320165121065573000,8181,22397,31236
namioka,20190320165121070113000,29254,3188,21439
namioka,20190320165121074320000,17912,31422,28712
namioka,20190320165121081111000,5045,7832,18724
namioka,20190320165121090019000,7454,18668,16955
namioka,20190320165121094761000,29465,11627,4548
namioka,20190320165121099215000,13298,5622,6747
namioka,20190320165121103498000,5687,20045,32467
namioka,20190320165121107975000,30973,32629,3461
namioka,20190320165121113302000,19626,29068,23318
namioka,20190320165121118070000,19909,29267,32328
namioka,20190320165121122661000,20768,23265,5198
namioka,20190320165121127213000,22797,1414,30181
namioka,20190320165121131445000,24332,13070,2525
namioka,20190320165121137117000,19339,14174,7676
namioka,20190320165121142010000,23695,24856,5982
namioka,20190320165121146634000,27765,19980,19862
namioka,20190320165121151190000,26417,26839,9523
namioka,20190320165121156084000,1349,11454,4548
namioka,20190320165121161455000,4754,32446,7032
namioka,20190320165121166655000,8009,15441,11977
namioka,20190320165121170871000,21425,20241,11333
namioka,20190320165121175409000,9998,16888,11639
namioka,20190320165121179667000,32672,4041,29891
namioka,20190320165121184021000,22015,12067,22727
namioka,20190320165121188311000,6661,6358,12315
namioka,20190320165121192496000,29807,21037,19177
namioka,20190320165121196755000,17702,26225,13891
namioka,20190320165121201050000,13529,24247,587
namioka,20190320165121205315000,16674,32180,32265
namioka,20190320165121209574000,17233,8227,5485
namioka,20190320165121214188000,22521,17505,23865
namioka,20190320165121219176000,29074,29153,18082
namioka,20190320165121228081000,26646,13814,793
namioka,20190320165121234478000,4052,23170,10744
namioka,20190320165121238936000,31869,15381,19060
namioka,20190320165121243573000,11905,21891,12806
namioka,20190320165121248049000,24873,5927,12024
namioka,20190320165121252548000,25694,30347,22127
namioka,20190320165121257103000,12840,15131,10436
namioka,20190320165121262221000,31384,26816,19355
namioka,20190320165121267003000,26497,31902,8255
namioka,20190320165121271413000,18298,30317,9470
namioka,20190320165121275612000,17882,13860,20741
namioka,20190320165121280304000,22106,25790,5911
namioka,20190320165121285029000,1299,17210,26819
namioka,20190320165121289858000,8706,25858,4451
namioka,20190320165121294447000,15416,15339,268
namioka,20190320165121298803000,28569,17372,26161
namioka,20190320165121302976000,15595,18227,10414
namioka,20190320165121307373000,1497,7598,16098
namioka,20190320165121311814000,10264,32740,12135
namioka,20190320165121315931000,17047,5892,21343
namioka,20190320165121320170000,15651,27227,13423
namioka,20190320165121324412000,4214,27092,2166
namioka,20190320165121328554000,11861,1967,14591
namioka,20190320165121332965000,5769,15142,23389
namioka,20190320165121337441000,26885,7777,17215
namioka,20190320165121342291000,7304,31544,20782
namioka,20190320165121346704000,30232,28999,6689
namioka,20190320165121350819000,9516,2768,12073
namioka,20190320165121355150000,26978,29547,8230
namioka,20190320165121359585000,21177,15150,32201
namioka,20190320165121363998000,20748,5989,2439
namioka,20190320165121368306000,7983,4151,10103
namioka,20190320165121372573000,13038,27090,5996
namioka,20190320165121377103000,1067,26945,24259
namioka,20190320165121381371000,10462,25047,11155
namioka,20190320165121385733000,24983,15362,19106
namioka,20190320165121390205000,32735,18922,32685
namioka,20190320165121394451000,29799,14236,13874
namioka,20190320165121398702000,26455,14557,29382
namioka,20190320165121402957000,17883,1206,28790
namioka,20190320165121407161000,9464,26201,1614
namioka,20190320165121411503000,18701,4600,26885
namioka,20190320165121415701000,4070,28952,14312
namioka,20190320165121419881000,8444,13706,14079
namioka,20190320165121424375000,24935,28079,23011
namioka,20190320165121428583000,7513,2586,20343
namioka,20190320165121432730000,20830,14488,24623
namioka,20190320165121437070000,19223,5769,11157
namioka,20190320165121441239000,4676,24124,21263
namioka,20190320165121445639000,14862,15499,2539
namioka,20190320165121449896000,25952,12244,16258
namioka,20190320165121454150000,3796,20894,6779
namioka,20190320165121458955000,8393,7974,15712
namioka,20190320165121463193000,8989,1548,23488
namioka,20190320165121467519000,17095,18713,15791
namioka,20190320165121471662000,24029,32186,2551
namioka,20190320165121475832000,30895,20688,17751
namioka,20190320165121480253000,7110,10993,2552
namioka,20190320165121484472000,7589,27839,11655
namioka,20190320165121488697000,18752,10338,26084
namioka,20190320165121492972000,32432,7936,22147
namioka,20190320165121497578000,44,267,5979
namioka,20190320165121502520000,9410,26698,6435
namioka,20190320165121506781000,26859,24111,7037
namioka,20190320165121511362000,25920,851,24867
namioka,20190320165121516279000,32298,20251,19650
namioka,20190320165121521310000,31608,19338,29343
namioka,20190320165121525828000,32103,10823,23850
namioka,20190320165121530274000,5307,21267,11834
namioka,20190320165121534465000,7550,26460,8449
namioka,20190320165121538734000,32590,5580,22168
namioka,20190320165121542979000,25100,18161,14195
namioka,20190320165121547316000,8936,32348,3469
namioka,20190320165121551612000,19147,11429,19248
namioka,20190320165121555891000,5887,26949,22845
namioka,20190320165121560888000,31966,8988,18029
namioka,20190320165121565126000,20327,8915,7948
namioka,20190320165121569433000,29553,13645,4313
namioka,20190320165121574006000,22964,4876,11496
namioka,20190320165121578385000,30844,18474,29340
namioka,20190320165121582914000,12077,27187,1986
namioka,20190320165121587149000,32347,21389,6688
namioka,20190320165121591349000,18962,1246,20331
namioka,20190320165121595693000,5909,1610,3367
namioka,20190320165121599943000,13398,16547,25151
namioka,20190320165121604444000,21667,16509,11454
namioka,20190320165121608982000,8358,4553,16621
namioka,20190320165121613267000,15149,16441,3602
namioka,20190320165121617532000,6989,6200,18541
namioka,20190320165121621802000,6843,7487,14601
namioka,20190320165121626001000,11318,18539,9696
namioka,20190320165121630397000,19941,19528,23751
namioka,20190320165121634953000,10914,4742,31070
namioka,20190320165121639245000,12598,5166,9048
namioka,20190320165121643624000,12924,2202,30762
namioka,20190320165121647922000,12783,2730,30351
namioka,20190320165121652199000,27324,31482,23635
namioka,20190320165121656368000,2294,731,5587
namioka,20190320165121660765000,436,5408,12929
namioka,20190320165121665438000,27337,21297,22092
namioka,20190320165121669664000,22022,29953,23921
namioka,20190320165121673881000,25329,1881,1031
namioka,20190320165121678575000,14235,28312,24554
namioka,20190320165121682878000,9405,16467,13407
namioka,20190320165121687429000,8915,7325,12996
namioka,20190320165121691642000,1674,2309,19962
namioka,20190320165121695802000,9730,2604,32076
namioka,20190320165121700114000,18114,17247,27591
namioka,20190320165121704454000,5483,21161,377
namioka,20190320165121708754000,26032,18426,11692
namioka,20190320165121713161000,11113,9956,26887
namioka,20190320165121717361000,31971,30534,25710
namioka,20190320165121721549000,15556,14030,24616
namioka,20190320165121726382000,3969,32125,25972
namioka,20190320165121731160000,31031,11073,2729
namioka,20190320165121735641000,112,26825,8860
namioka,20190320165121739962000,29762,29057,29090
namioka,20190320165121745579000,32724,1244,9435
namioka,20190320165121750224000,31166,31254,23175
namioka,20190320165121754947000,1879,5597,3025
namioka,20190320165121759656000,6262,17553,11179
namioka,20190320165121764098000,11202,28366,27535
namioka,20190320165121768521000,10436,9311,30937
namioka,20190320165121772654000,10899,17011,12038
namioka,20190320165121777049000,27853,10450,19133
namioka,20190320165121781715000,31101,7847,15061
namioka,20190320165121786082000,9689,30460,14550
namioka,20190320165121790511000,17385,17619,14894
namioka,20190320165121794960000,27290,22882,3618
namioka,20190320165121799308000,9862,29248,26022
namioka,20190320165121803634000,6881,1022,15079
namioka,20190320165121807907000,24062,29382,23902
namioka,20190320165121812316000,31641,13904,29168
namioka,20190320165121816596000,25595,19119,20111
namioka,20190320165121821150000,24168,17974,16288
namioka,20190320165121825416000,29829,3283,11548
namioka,20190320165121829650000,24791,2206,25071
namioka,20190320165121834012000,12801,11904,7464
namioka,20190320165121838172000,24004,5953,26794
namioka,20190320165121842483000,17892,7703,14130
namioka,20190320165121846793000,4607,18761,10253
namioka,20190320165121851193000,13405,6218,28273
namioka,20190320165121856236000,24137,10628,22583
namioka,20190320165121868512000,24357,16284,28763
namioka,20190320165121873710000,2586,28581,788
namioka,20190320165121878783000,24639,31772,21909
namioka,20190320165121883426000,26280,18176,10289
namioka,20190320165121888109000,25383,25847,22636
namioka,20190320165121892520000,22450,5810,11531
namioka,20190320165121897142000,23651,1817,14664
namioka,20190320165121901549000,30359,21883,14068
namioka,20190320165121905742000,4761,22260,31818
namioka,20190320165121910052000,15033,4450,1796
namioka,20190320165121914339000,24879,10509,28857
namioka,20190320165121918506000,10738,10286,998
namioka,20190320165121923177000,13398,8005,12300
namioka,20190320165121927614000,6669,10702,13292
namioka,20190320165121931870000,30917,4254,6631
namioka,20190320165121936286000,25504,26741,1286
namioka,20190320165121940579000,31895,18497,111
namioka,20190320165121945394000,14917,14573,4284
namioka,20190320165121949511000,30360,12250,27781
namioka,20190320165121953772000,18620,28956,16443
namioka,20190320165121958102000,13889,5629,15647
namioka,20190320165121962486000,4126,25262,24692
namioka,20190320165121966860000,14316,6248,28976
namioka,20190320165121971074000,11251,2878,25387
namioka,20190320165121975644000,22283,13195,14562
namioka,20190320165121980026000,19849,31343,18096
namioka,20190320165121984258000,8055,2286,28346
namioka,20190320165121988493000,13174,18214,18133
namioka,20190320165121992966000,31533,7137,9912
namioka,20190320165121997371000,19609,9504,94
namioka,20190320165122002041000,18431,3500,18382
namioka,20190320165122006597000,28820,15377,19546
namioka,20190320165122011880000,30634,4380,7979
namioka,20190320165122016535000,28904,13180,17927
namioka,20190320165122020757000,14009,2362,24802
namioka,20190320165122025193000,15513,603,25867
namioka,20190320165122029460000,25445,10751,21834
namioka,20190320165122033628000,14369,11021,8373
namioka,20190320165122037885000,3005,828,2532
namioka,20190320165122042145000,6856,4474,8105
namioka,20190320165122046462000,23498,32259,9487
namioka,20190320165122050643000,7168,7606,27857
namioka,20190320165122055019000,16224,27844,26522
namioka,20190320165122059848000,1197,6058,28445
namioka,20190320165122064144000,3555,29110,323
namioka,20190320165122068452000,10146,21584,7531
namioka,20190320165122072735000,2998,6452,25879
namioka,20190320165122076923000,26169,30170,24903
namioka,20190320165122082219000,6672,17888,15299
namioka,20190320165122092369000,7546,32301,6780
namioka,20190320165122097608000,24370,5868,14636
namioka,20190320165122102372000,20847,32077,3049
namioka,20190320165122106813000,14691,17098,10724
namioka,20190320165122111324000,1160,17864,7774
namioka,20190320165122116790000,29978,16659,8357
namioka,20190320165122122535000,2252,20096,22366
namioka,20190320165122127771000,13437,6154,4895
namioka,20190320165122132509000,6521,4893,30149
namioka,20190320165122137542000,1088,14154,5916
namioka,20190320165122143234000,26431,6031,1891
namioka,20190320165122149737000,6069,16870,9186
namioka,20190320165122155736000,29699,12232,17540
namioka,20190320165122161894000,26425,5100,12420
namioka,20190320165122168666000,31136,12702,15238
namioka,20190320165122179927000,14098,13501,5053
namioka,20190320165122185993000,12547,26374,28398
namioka,20190320165122192135000,8703,16908,24651
namioka,20190320165122198322000,13012,12861,7501
namioka,20190320165122205089000,18417,24097,6423
namioka,20190320165122213467000,21309,4200,21344
namioka,20190320165122220342000,2131,8783,20037
namioka,20190320165122227319000,21483,4555,27160
namioka,20190320165122232900000,8146,18759,11722
namioka,20190320165122237566000,20207,27099,32446
namioka,20190320165122243337000,3066,411,1144
namioka,20190320165122250186000,11181,13386,13562
namioka,20190320165122254838000,26243,21701,6437
namioka,20190320165122259448000,10799,4503,11440
namioka,20190320165122264033000,1085,464,19139
namioka,20190320165122268365000,28838,28772,4639
namioka,20190320165122272484000,27944,6371,7255
namioka,20190320165122277837000,21143,538,19658
namioka,20190320165122284286000,14843,15051,16480
namioka,20190320165122293526000,5281,2582,2278
namioka,20190320165122298288000,28607,4365,13616
namioka,20190320165122303074000,4217,5929,12841
namioka,20190320165122308215000,31878,32739,16270
namioka,20190320165122313561000,19309,11692,9221
namioka,20190320165122318129000,2657,15587,31861
namioka,20190320165122322817000,7887,24303,15521
namioka,20190320165122328236000,3998,8550,27077
namioka,20190320165122333077000,8817,18922,24464
namioka,20190320165122337548000,10946,24584,30631
namioka,20190320165122342844000,13788,16009,27343
namioka,20190320165122347494000,28128,16751,11899
namioka,20190320165122352248000,24453,12726,20452
namioka,20190320165122357551000,10719,12262,24611
namioka,20190320165122364036000,24889,3621,21780
namioka,20190320165122370919000,18446,15987,7982
namioka,20190320165122375293000,17226,25711,31995
namioka,20190320165122379673000,13,1716,19483
namioka,20190320165122384280000,11806,2505,16609
namioka,20190320165122388714000,18556,32207,26806
namioka,20190320165122394049000,9889,28175,25787
namioka,20190320165122398406000,31425,25512,25594
namioka,20190320165122402649000,23379,24303,29306
namioka,20190320165122409785000,17734,18291,6167
namioka,20190320165122417949000,18796,2347,16017
namioka,20190320165122422888000,21965,9524,17935
namioka,20190320165122428593000,13908,5158,28958
namioka,20190320165122433004000,5848,5932,26474
namioka,20190320165122438270000,12056,5940,32185
namioka,20190320165122443155000,7572,2631,5174
namioka,20190320165122447729000,14157,30571,27111
namioka,20190320165122452331000,1264,25713,22795
namioka,20190320165122456637000,10588,5947,17750
namioka,20190320165122461078000,21936,13949,29724
namioka,20190320165122465430000,7660,10570,3119
namioka,20190320165122469508000,4677,7354,16458
namioka,20190320165122473912000,4456,29584,7498
namioka,20190320165122478949000,11202,6717,25973
namioka,20190320165122484442000,11234,17015,19676
namioka,20190320165122488857000,17271,6079,7407
namioka,20190320165122493527000,13925,28315,22936
namioka,20190320165122498360000,25079,18777,12060
namioka,20190320165122502627000,5843,20026,26108
namioka,20190320165122506999000,9605,29709,15289
namioka,20190320165122511568000,11624,13633,25616
namioka,20190320165122516012000,10015,9970,10427
namioka,20190320165122520249000,14412,11197,17311
namioka,20190320165122524429000,18144,25120,19256
namioka,20190320165122528670000,28757,9692,14952
namioka,20190320165122533194000,23076,8559,17917
namioka,20190320165122537866000,5061,5634,3768
namioka,20190320165122542772000,11814,25052,27788
namioka,20190320165122547529000,32633,14302,30144
namioka,20190320165122553356000,24672,32001,9197
namioka,20190320165122558841000,28840,23595,25102
namioka,20190320165122563831000,13336,17286,16954
namioka,20190320165122568216000,19276,11748,30781
namioka,20190320165122572686000,7736,10788,31373
namioka,20190320165122576906000,2981,10372,17846
namioka,20190320165122581118000,19545,15015,22713
namioka,20190320165122585471000,11329,11047,22310
namioka,20190320165122589707000,20280,4199,4510
namioka,20190320165122594605000,17367,2224,14447
namioka,20190320165122598906000,7072,37,22254
namioka,20190320165122603567000,17432,16991,10222
namioka,20190320165122609436000,12773,25497,30538
namioka,20190320165122614851000,22168,20658,30315
namioka,20190320165122644486000,2694,2506,28191
namioka,20190320165122663031000,2486,20658,12298
namioka,20190320165122669373000,4449,16207,13629
namioka,20190320165122675303000,27766,5336,12505
namioka,20190320165122681666000,14231,20443,31172
namioka,20190320165122690620000,29061,32524,16657
namioka,20190320165122695608000,724,24154,10041
namioka,20190320165122700857000,13089,25960,18893
namioka,20190320165122706374000,25808,17379,15494
namioka,20190320165122711153000,11008,16365,3149
namioka,20190320165122717210000,23949,11498,29214
namioka,20190320165122726534000,20281,32191,24585
namioka,20190320165122732637000,11866,21204,1651
namioka,20190320165122737695000,1604,495,3955
namioka,20190320165122747260000,3056,3850,10837
namioka,20190320165122752877000,23778,10078,17923
namioka,20190320165122758748000,3962,15267,7297
namioka,20190320165122770536000,11620,21679,27009
namioka,20190320165122775652000,16546,8046,11594
namioka,20190320165122783046000,4589,9930,24440
namioka,20190320165122788873000,32739,23770,17807
namioka,20190320165122796256000,25889,31561,12836
namioka,20190320165122802694000,5113,27498,10427
namioka,20190320165122808896000,14560,16452,779
namioka,20190320165122816520000,3675,7826,11960
namioka,20190320165122825485000,3815,11745,25196
namioka,20190320165122831170000,29210,10122,9465
namioka,20190320165122843943000,9286,6199,2271
namioka,20190320165122848660000,1866,11797,10003
namioka,20190320165122853383000,32557,4525,21113
namioka,20190320165122857981000,12921,32574,112
namioka,20190320165122862470000,26567,26602,449
namioka,20190320165122868048000,854,12817,16606
namioka,20190320165122880054000,21759,21993,29479
namioka,20190320165122886577000,23529,17061,166
namioka,20190320165122891108000,12737,9116,11641
namioka,20190320165122897323000,4180,16179,19326
namioka,20190320165122906669000,25104,17372,29822
namioka,20190320165122912247000,23069,27677,12552
namioka,20190320165122919405000,14060,24579,7908
namioka,20190320165122924102000,26953,22038,27859
namioka,20190320165122928348000,17905,30349,181
namioka,20190320165122932722000,4351,6868,32725
namioka,20190320165122936894000,15422,24549,28121
namioka,20190320165122941211000,26289,11215,28601
namioka,20190320165122945703000,5687,5400,4286
namioka,20190320165122949867000,27410,13239,27336
namioka,20190320165122954173000,9101,8623,3453
namioka,20190320165122958599000,11417,14787,31127
namioka,20190320165122962868000,26333,30835,26691
namioka,20190320165122967431000,19944,30295,30213
namioka,20190320165122971635000,3753,9761,27871
namioka,20190320165122975764000,26252,7094,31331
namioka,20190320165122980018000,11658,28172,10942
namioka,20190320165122984221000,30027,19846,23425
namioka,20190320165122988351000,7003,7113,22445
namioka,20190320165122992542000,28692,24448,31933
namioka,20190320165122996792000,11302,8744,4082
namioka,20190320165123001060000,2668,23279,15363
namioka,20190320165123005783000,5639,30394,22965
namioka,20190320165123010369000,12529,18677,31447
namioka,20190320165123014686000,4665,6636,10802
namioka,20190320165123018780000,22547,2052,28548
namioka,20190320165123023054000,26983,9489,15814
namioka,20190320165123027483000,28669,9397,17333
namioka,20190320165123031695000,27282,28558,4275
namioka,20190320165123036189000,374,13329,28186
namioka,20190320165123040459000,16002,51,13451
namioka,20190320165123044986000,19828,19296,25776
namioka,20190320165123049327000,3194,31023,14477
namioka,20190320165123053691000,2396,10405,2248
namioka,20190320165123058169000,20219,28348,5995
namioka,20190320165123062757000,4367,11181,5085
namioka,20190320165123067240000,21864,20060,20190
namioka,20190320165123071398000,1761,27513,11477
namioka,20190320165123076030000,5803,29090,30796
namioka,20190320165123080109000,174,29214,11822
namioka,20190320165123089327000,2521,11571,10776
namioka,20190320165123095046000,25788,15160,7708
namioka,20190320165123099308000,32229,27835,10270
namioka,20190320165123103933000,30080,28255,16474
namioka,20190320165123108251000,29882,2014,14101
namioka,20190320165123112574000,30551,9513,196
namioka,20190320165123117417000,26330,20706,20325
namioka,20190320165123122172000,8585,31969,15696
namioka,20190320165123127167000,996,6290,27140
namioka,20190320165123141350000,18698,2309,31036
namioka,20190320165123150454000,3232,3843,16108
namioka,20190320165123156414000,14487,6030,7489
namioka,20190320165123167298000,17885,21777,1663
namioka,20190320165123174467000,13571,31499,14433
namioka,20190320165123180517000,5337,25468,9007
namioka,20190320165123185798000,6753,11125,22034
namioka,20190320165123191302000,23677,15484,19560
namioka,20190320165123197028000,4343,7479,9141
namioka,20190320165123203026000,23973,12515,9964
namioka,20190320165123211076000,28038,7488,30273
namioka,20190320165123218587000,20304,19890,13286
namioka,20190320165123224187000,473,6286,20359
namioka,20190320165123231325000,24769,31067,1017
namioka,20190320165123238443000,6436,22681,18626
namioka,20190320165123243174000,3148,3530,30067
namioka,20190320165123247452000,10780,17022,14964
namioka,20190320165123251871000,18448,17323,13164
namioka,20190320165123256600000,14177,32653,14063
namioka,20190320165123262963000,20674,4572,12529
namioka,20190320165123268354000,18184,13341,12457
namioka,20190320165123272997000,19473,13649,9386
namioka,20190320165123277800000,24148,14777,18820
namioka,20190320165123282156000,22257,5198,19513
namioka,20190320165123286464000,27306,4932,6103
namioka,20190320165123290585000,27759,17159,7566
namioka,20190320165123294806000,8150,17140,29992
namioka,20190320165123299021000,13040,18853,5474
namioka,20190320165123303822000,31079,2732,17200
namioka,20190320165123308312000,13839,23693,25794
namioka,20190320165123312633000,16434,21246,23176
namioka,20190320165123317440000,24027,29679,30263
namioka,20190320165123321745000,22124,27756,28687
namioka,20190320165123326204000,5307,9879,18258
namioka,20190320165123330783000,10868,29722,8567
namioka,20190320165123335081000,10842,6592,12047
namioka,20190320165123339816000,9450,14774,13335
namioka,20190320165123345402000,3543,26279,31649
namioka,20190320165123351251000,22082,17741,28514
namioka,20190320165123356891000,11449,20770,20790
namioka,20190320165123363273000,30419,26830,20688
namioka,20190320165123372610000,16981,2538,16289
namioka,20190320165123378763000,9597,26175,3152
namioka,20190320165123383716000,1103,8606,23235
namioka,20190320165123387987000,32065,31114,29996
namioka,20190320165123393620000,14942,4808,13415
namioka,20190320165123400461000,31559,5060,22591
namioka,20190320165123404703000,13623,839,19921
namioka,20190320165123409366000,4900,16554,32595
namioka,20190320165123414981000,28624,3002,11649
namioka,20190320165123419457000,7442,9914,6999
namioka,20190320165123423891000,9559,11036,30196
namioka,20190320165123429729000,4733,31850,20755
namioka,20190320165123434461000,29979,31893,23960
namioka,20190320165123439313000,25575,29155,19308
namioka,20190320165123444220000,26368,22448,12859
namioka,20190320165123448529000,2779,27591,10714
namioka,20190320165123453785000,29003,19807,26164
namioka,20190320165123458733000,15768,29663,74
namioka,20190320165123463112000,15243,25818,25430
namioka,20190320165123467948000,32464,11770,11037
namioka,20190320165123472158000,21779,10325,15576
namioka,20190320165123476822000,24795,27129,7957
namioka,20190320165123481397000,27942,12441,15728
namioka,20190320165123485865000,11573,8010,28399
namioka,20190320165123490358000,23163,28822,9554
namioka,20190320165123495284000,289,28668,19194
namioka,20190320165123499591000,1035,15921,9370
namioka,20190320165123504035000,16553,24324,12624
namioka,20190320165123508723000,18126,16803,29012
namioka,20190320165123519512000,6944,28953,28443
namioka,20190320165123524274000,32434,8897,1702
namioka,20190320165123529761000,7725,16649,28200
namioka,20190320165123534167000,22124,10186,6534
namioka,20190320165123539185000,19666,9314,30867
namioka,20190320165123545928000,16709,29889,26907
namioka,20190320165123551381000,15524,29696,27894
namioka,20190320165123556003000,15101,31136,8321
namioka,20190320165123560540000,13271,13910,9562
namioka,20190320165123564865000,29213,29593,4643
namioka,20190320165123569182000,26892,27692,5153
namioka,20190320165123573553000,12659,6790,377
namioka,20190320165123578065000,20760,9074,28409
namioka,20190320165123582371000,31165,4659,7819
namioka,20190320165123586719000,25737,4985,4253
namioka,20190320165123591095000,4047,294,2294
namioka,20190320165123595535000,9980,6959,22114
namioka,20190320165123600273000,27548,5824,26747
namioka,20190320165123604872000,11831,19958,5775
namioka,20190320165123609598000,17960,3799,1437
namioka,20190320165123613880000,21416,29793,19063
namioka,20190320165123619202000,1022,13861,30468
namioka,20190320165123623746000,25277,4630,10526
namioka,20190320165123630457000,12064,14031,5692
namioka,20190320165123638301000,30328,26951,3365
namioka,20190320165123643465000,10510,13490,22701
namioka,20190320165123647835000,5158,9061,26116
namioka,20190320165123651968000,16414,17719,29165
namioka,20190320165123656278000,9991,1881,3063
namioka,20190320165123660755000,19933,17202,20785
namioka,20190320165123665006000,13168,10360,4707
namioka,20190320165123669791000,30056,9469,31733
namioka,20190320165123674186000,17631,13316,11391
namioka,20190320165123678311000,6939,21496,26002
namioka,20190320165123682716000,2273,17009,21110
namioka,20190320165123686909000,24850,12686,10214
namioka,20190320165123691053000,8401,13457,17599
namioka,20190320165123695683000,6417,30856,26885
namioka,20190320165123699850000,30756,15234,8407
namioka,20190320165123704362000,12118,27631,26626
namioka,20190320165123708738000,3207,19011,6160
namioka,20190320165123713057000,32350,10720,21678
namioka,20190320165123717271000,9585,18499,29778
namioka,20190320165123722012000,24463,28456,25494
namioka,20190320165123726565000,14435,18761,31753
namioka,20190320165123730950000,20928,29226,25428
namioka,20190320165123735309000,30939,8444,17982
namioka,20190320165123739832000,14014,6976,15464
namioka,20190320165123745056000,32690,23489,13328
namioka,20190320165123749605000,21410,28356,21041
namioka,20190320165123753799000,16320,9712,993
namioka,20190320165123758235000,23813,14912,29420
namioka,20190320165123762653000,1685,26140,25517
namioka,20190320165123767380000,15443,3872,8137
namioka,20190320165123771596000,29974,11570,30541
namioka,20190320165123776023000,5356,16213,12461
namioka,20190320165123780137000,681,17168,30020
namioka,20190320165123784383000,2704,4522,29473
namioka,20190320165123788590000,14388,1780,10894
namioka,20190320165123792759000,31243,16978,18274
namioka,20190320165123797063000,5702,9678,17357
namioka,20190320165123801257000,863,11445,21909
namioka,20190320165123805894000,31775,13418,30672
namioka,20190320165123810441000,21200,32463,32314
namioka,20190320165123814768000,27893,8132,22081
namioka,20190320165123819138000,6243,16547,17707
namioka,20190320165123823418000,16837,17962,3675
namioka,20190320165123827953000,20331,13456,30905
namioka,20190320165123832115000,1841,18513,25534
namioka,20190320165123836353000,9781,2955,4414
namioka,20190320165123840805000,22419,13028,27462
namioka,20190320165123845060000,29236,3621,29157
namioka,20190320165123849689000,12417,7556,25339
namioka,20190320165123854480000,3540,11947,8580
namioka,20190320165123858660000,7302,22701,31798
namioka,20190320165123863006000,5933,19917,1836
namioka,20190320165123868626000,2216,28190,5695
namioka,20190320165123873335000,19169,10023,3984
namioka,20190320165123877801000,24341,5902,15889
namioka,20190320165123882036000,7064,22213,23957
namioka,20190320165123886377000,5716,664,26905
namioka,20190320165123890573000,6917,17048,25487
namioka,20190320165123894958000,1937,441,29869
namioka,20190320165123899114000,18217,4691,11953
namioka,20190320165123903221000,2704,11877,4592
namioka,20190320165123907543000,22561,7301,1025
namioka,20190320165123911693000,8684,21746,1311
namioka,20190320165123916029000,1191,13704,19735
namioka,20190320165123920350000,27822,25345,4181
namioka,20190320165123924619000,4669,4969,5180
namioka,20190320165123929056000,13617,19160,29093
namioka,20190320165123933245000,16843,16909,11339
namioka,20190320165123937490000,8137,28805,26341
namioka,20190320165123941757000,28933,20845,4644
namioka,20190320165123945958000,11938,19379,8472
namioka,20190320165123950335000,22385,24651,4441
namioka,20190320165123954460000,13095,29459,15553
namioka,20190320165123958615000,21441,19005,13737
namioka,20190320165123962858000,15379,18530,20593
namioka,20190320165123967139000,20599,23473,26009
namioka,20190320165123971798000,24218,4621,21893
namioka,20190320165123976652000,24906,2763,28365
namioka,20190320165123980873000,31439,19952,4899
namioka,20190320165123985287000,13537,27763,14541
namioka,20190320165123989747000,14705,31039,27170
namioka,20190320165123994896000,31580,13330,13349
namioka,20190320165123999211000,15694,5573,25201
namioka,20190320165124004345000,5164,32644,3248
namioka,20190320165124010242000,20959,22025,7681
namioka,20190320165124014762000,5075,12807,10966
namioka,20190320165124019029000,28325,27825,9528
namioka,20190320165124023222000,7440,19356,6359
namioka,20190320165124027473000,6869,26675,2537
namioka,20190320165124031641000,23319,948,16157
namioka,20190320165124035948000,16721,32144,9822
namioka,20190320165124040246000,8662,14310,2717
namioka,20190320165124044607000,6608,26345,7
namioka,20190320165124048835000,29369,8897,22651
namioka,20190320165124053033000,14690,6305,14022
namioka,20190320165124057157000,20638,26074,6399
namioka,20190320165124061414000,26167,19290,18172
namioka,20190320165124065713000,6560,4196,20124
namioka,20190320165124070065000,8278,5907,4835
namioka,20190320165124074437000,6968,6127,30379
namioka,20190320165124078865000,1551,28,1905
namioka,20190320165124084224000,16118,21879,12672
namioka,20190320165124092408000,27358,24087,31319
namioka,20190320165124101612000,15465,17690,25767
namioka,20190320165124110958000,16354,12883,16788
namioka,20190320165124118047000,11584,26087,23686
namioka,20190320165124126179000,11947,6070,28263
namioka,20190320165124133214000,19120,5294,32378
namioka,20190320165124139238000,21439,20656,610
namioka,20190320165124145659000,19214,10959,8197
namioka,20190320165124151209000,25488,15195,12635
namioka,20190320165124157593000,31165,10129,22169
namioka,20190320165124163231000,11001,7934,32422
namioka,20190320165124168776000,2786,12338,29383
namioka,20190320165124175056000,11086,11221,235
namioka,20190320165124186943000,31231,218,5578
namioka,20190320165124194619000,19359,1796,14756
namioka,20190320165124201008000,24084,19823,21466
namioka,20190320165124210332000,26032,13029,9031
namioka,20190320165124218486000,12476,15416,8742
namioka,20190320165124224438000,6507,30308,24757
namioka,20190320165124231565000,11835,24604,10928
namioka,20190320165124237999000,17137,4772,8425
namioka,20190320165124245088000,29502,10717,13619
namioka,20190320165124250550000,91,7198,21048
namioka,20190320165124255886000,10926,14476,15181
namioka,20190320165124262774000,29264,9893,19620
namioka,20190320165124268924000,21036,28939,13657
namioka,20190320165124276010000,6635,12427,13002
namioka,20190320165124280250000,4270,22690,7667
namioka,20190320165124284586000,32139,20305,30737
namioka,20190320165124289163000,30400,3183,8448
namioka,20190320165124293413000,17838,27972,24484
namioka,20190320165124297858000,9604,23501,15168
namioka,20190320165124302047000,5646,10844,20251
namioka,20190320165124306283000,5884,17770,23556
namioka,20190320165124310781000,12813,5422,15631
namioka,20190320165124315032000,18383,13744,24089
namioka,20190320165124319153000,25731,12219,20130
namioka,20190320165124323502000,11859,9895,18467
namioka,20190320165124327724000,16022,4969,11350
namioka,20190320165124331812000,7036,14705,328
namioka,20190320165124336157000,29286,22087,7848
namioka,20190320165124347346000,24032,24595,16873
namioka,20190320165124351824000,30899,26020,5503
namioka,20190320165124356031000,5548,28782,27695
namioka,20190320165124361408000,17606,31806,3804
namioka,20190320165124365847000,20442,20040,7409
namioka,20190320165124370334000,14167,28903,6377
namioka,20190320165124374823000,12312,7889,30103
namioka,20190320165124379832000,18781,11863,3700
namioka,20190320165124384362000,7337,24905,21769
namioka,20190320165124388666000,29171,13101,4901
namioka,20190320165124393245000,6413,31732,6486
namioka,20190320165124397565000,5528,234,21397
namioka,20190320165124403095000,6231,15865,21348
namioka,20190320165124407454000,3116,15083,26516
namioka,20190320165124412019000,17608,1128,32615
namioka,20190320165124416358000,343,8349,476
namioka,20190320165124420460000,26308,9188,27678
namioka,20190320165124424776000,22996,18631,9439
namioka,20190320165124429125000,22455,27322,7318
namioka,20190320165124433244000,27403,21946,20674
namioka,20190320165124437553000,7965,717,15734
namioka,20190320165124442024000,23735,16024,2660
namioka,20190320165124446490000,31390,23044,28387
namioka,20190320165124450677000,7931,14986,3803
namioka,20190320165124454907000,10586,2891,9540
namioka,20190320165124459381000,22059,16582,23503
namioka,20190320165124463634000,8616,24715,27545
namioka,20190320165124467937000,19215,27629,28314
namioka,20190320165124472297000,29550,510,30142
namioka,20190320165124476564000,12877,14562,9092
namioka,20190320165124480871000,32722,31255,17760
namioka,20190320165124484957000,24454,9138,8413
namioka,20190320165124489233000,20050,16499,2388
namioka,20190320165124493613000,12245,30835,8188
namioka,20190320165124497983000,8735,23428,28737
namioka,20190320165124502173000,24882,22402,21636
namioka,20190320165124506797000,31855,13099,10282
namioka,20190320165124511192000,9022,28706,31141
namioka,20190320165124515649000,31307,11654,24852
namioka,20190320165124519932000,7440,13794,26120
namioka,20190320165124527190000,29761,32307,651
namioka,20190320165124531640000,19061,28391,10213
namioka,20190320165124535848000,31711,5423,1874
namioka,20190320165124540160000,23604,31233,12672
namioka,20190320165124544939000,29036,8365,4123
namioka,20190320165124549175000,31494,29593,7122
namioka,20190320165124553367000,8682,17241,15382
namioka,20190320165124557605000,3750,21846,24404
namioka,20190320165124562079000,17691,11665,19940
namioka,20190320165124566358000,28906,26897,11457
namioka,20190320165124570653000,31439,29894,6943
namioka,20190320165124575019000,14858,13750,5430
namioka,20190320165124579394000,13161,20703,652
namioka,20190320165124583634000,29129,25457,28358
namioka,20190320165124587925000,21450,17751,31357
namioka,20190320165124592058000,19591,27008,6718
namioka,20190320165124596375000,1960,25554,12247
namioka,20190320165124600941000,32724,4425,465
namioka,20190320165124605208000,7705,16668,22440
namioka,20190320165124609401000,8062,24880,13407
namioka,20190320165124613902000,28280,13141,22427
namioka,20190320165124618061000,23001,32466,23178
namioka,20190320165124622979000,16714,7046,18096
namioka,20190320165124627779000,27152,25896,17869
namioka,20190320165124633051000,25019,24065,27497
namioka,20190320165124637747000,453,30794,364
namioka,20190320165124641882000,3937,26027,30018
namioka,20190320165124646694000,26210,2215,17079
namioka,20190320165124651788000,18422,16240,6757
namioka,20190320165124655991000,1525,25362,2169
namioka,20190320165124660554000,943,1880,32033
namioka,20190320165124664920000,8867,16349,3557
namioka,20190320165124669270000,1754,3037,10446
namioka,20190320165124673979000,18777,18042,9740
namioka,20190320165124678574000,3450,26577,2914
namioka,20190320165124682839000,4249,25633,28647
namioka,20190320165124686882000,154,16172,16109
namioka,20190320165124691044000,22647,19166,27338
namioka,20190320165124695356000,10956,25733,3706
namioka,20190320165124699728000,10708,24828,31876
namioka,20190320165124703947000,5116,14085,19150
namioka,20190320165124708275000,22690,12763,25172
namioka,20190320165124712297000,8291,25389,17876
namioka,20190320165124716541000,1151,2667,8689
namioka,20190320165124720589000,4998,974,28275
namioka,20190320165124725213000,1308,18851,5069
namioka,20190320165124729501000,21859,9520,19300
namioka,20190320165124733587000,16808,18719,20090
namioka,20190320165124737866000,959,11062,3797
namioka,20190320165124741914000,4031,30062,12681
namioka,20190320165124746353000,26451,20907,22451
namioka,20190320165124750958000,21636,17983,4135
namioka,20190320165124755641000,11636,16834,29421
namioka,20190320165124761884000,25922,5603,17253
namioka,20190320165124767396000,18938,28974,21073
namioka,20190320165124773164000,240,16376,28730
namioka,20190320165124779168000,3921,16683,12543
namioka,20190320165124783680000,29285,28342,15347
namioka,20190320165124787860000,32387,4063,14406
namioka,20190320165124791971000,9352,5915,3176
namioka,20190320165124796446000,15367,17127,8189
namioka,20190320165124800535000,23413,9184,31051
namioka,20190320165124804685000,19649,20201,25864
namioka,20190320165124809325000,18703,7269,27642
namioka,20190320165124813631000,13868,20232,24458
namioka,20190320165124817825000,8422,2962,20811
namioka,20190320165124822021000,20238,21495,13200
namioka,20190320165124826228000,23036,22983,27185
namioka,20190320165124830396000,586,30952,27671
namioka,20190320165124834379000,10804,30608,21880
namioka,20190320165124838384000,25301,22163,996
namioka,20190320165124842581000,3239,21630,20411
namioka,20190320165124850184000,19417,18015,23045
namioka,20190320165124862559000,10924,22292,16194
namioka,20190320165124867110000,8954,30714,340
namioka,20190320165124871743000,260,22191,8983
namioka,20190320165124876639000,1922,14219,18420
namioka,20190320165124882665000,16856,30117,17711
namioka,20190320165124889596000,14123,14396,15031
namioka,20190320165124895421000,30563,22001,27601
namioka,20190320165124903774000,8077,9916,8674
namioka,20190320165124909204000,15544,29805,30391
namioka,20190320165124914226000,14688,9355,31476
namioka,20190320165124918762000,27548,28740,21646
namioka,20190320165124936502000,884,3460,12781
namioka,20190320165124941190000,393,27852,25457
namioka,20190320165124945659000,26307,24475,31652
namioka,20190320165124949758000,4320,1909,26464
namioka,20190320165124954233000,32415,5855,14631
namioka,20190320165124958413000,20796,4344,11872
namioka,20190320165124962489000,25701,24968,31981
namioka,20190320165124966833000,22032,2111,6451
namioka,20190320165124971142000,7674,10671,25090
namioka,20190320165124975429000,18450,21487,9507
namioka,20190320165124980076000,29842,21648,25290
namioka,20190320165124984259000,5318,2679,12094
namioka,20190320165124988613000,23254,15263,29420
namioka,20190320165124993177000,8698,18579,1660
namioka,20190320165124999912000,26230,3457,15345
namioka,20190320165125005502000,9919,7534,20085
namioka,20190320165125010691000,13304,31968,9882
namioka,20190320165125015597000,30710,28302,25267
namioka,20190320165125020745000,6704,1532,13063
namioka,20190320165125025342000,18240,25836,2259
namioka,20190320165125029538000,2180,16235,13539
namioka,20190320165125034848000,24952,20836,7132
namioka,20190320165125039436000,25771,14276,794
namioka,20190320165125044047000,25641,31218,14769
namioka,20190320165125048489000,16929,13557,7302
namioka,20190320165125052660000,23601,17580,19665
namioka,20190320165125056920000,365,17572,12956
namioka,20190320165125061153000,30797,10161,7736
namioka,20190320165125065334000,4694,27209,12284
namioka,20190320165125069680000,1229,26163,26622
namioka,20190320165125074060000,12972,26027,6139
namioka,20190320165125078326000,13952,12140,5551
namioka,20190320165125082528000,13295,16281,31483
namioka,20190320165125091265000,6983,29642,8544
namioka,20190320165125096589000,24405,3490,18360
namioka,20190320165125101087000,22225,22710,20842
namioka,20190320165125105577000,25421,30888,1275
namioka,20190320165125110213000,19410,9320,19220
namioka,20190320165125114622000,12833,15130,20251
namioka,20190320165125119881000,19294,21405,10524
namioka,20190320165125126417000,6764,18491,27947
namioka,20190320165125131127000,17170,8371,4725
namioka,20190320165125135768000,28731,22824,29374
namioka,20190320165125148084000,17690,2544,2375
namioka,20190320165125162080000,16779,18119,28985
namioka,20190320165125177344000,626,20623,11522
namioka,20190320165125187723000,7827,8608,25028
namioka,20190320165125195853000,26218,28061,11766
namioka,20190320165125205384000,11977,13121,13898
namioka,20190320165125211774000,27706,7007,16785
namioka,20190320165125216657000,14966,22688,15852
namioka,20190320165125220762000,9652,10351,18710
namioka,20190320165125229594000,32487,17871,24546
namioka,20190320165125237190000,9440,7123,27032
namioka,20190320165125242835000,10419,17742,14702
namioka,20190320165125249639000,7474,23346,22160
namioka,20190320165125254377000,15867,20478,925
namioka,20190320165125258914000,5292,20641,6288
namioka,20190320165125263206000,20183,16344,18405
namioka,20190320165125267566000,16396,32320,18293
namioka,20190320165125271924000,10734,31993,27854
namioka,20190320165125276255000,7656,14991,19266
namioka,20190320165125280877000,11456,7497,26459
namioka,20190320165125285188000,13442,26032,11006
namioka,20190320165125289416000,18808,13446,5884
namioka,20190320165125294007000,8718,27183,25885
namioka,20190320165125298148000,6284,12839,31412
namioka,20190320165125302481000,29020,27762,21628
namioka,20190320165125306865000,16965,4636,17113
namioka,20190320165125311395000,23532,8906,14864
namioka,20190320165125315630000,10615,25775,16117
namioka,20190320165125320299000,870,22268,29206
namioka,20190320165125324935000,21549,4290,3816
namioka,20190320165125329466000,19590,16707,28122
namioka,20190320165125334178000,13646,20927,8024
namioka,20190320165125338350000,9306,17727,24051
namioka,20190320165125342445000,20175,20769,30814
namioka,20190320165125347068000,12060,6723,25747
namioka,20190320165125351171000,17138,15174,9774
namioka,20190320165125355402000,16272,23520,30213
namioka,20190320165125360140000,25180,9905,23475
namioka,20190320165125364701000,30027,21330,30279
namioka,20190320165125369159000,29547,13939,26509
namioka,20190320165125373802000,32519,32548,18502
namioka,20190320165125378790000,14195,10965,14781
namioka,20190320165125383346000,30931,16609,17617
namioka,20190320165125387664000,18172,9914,21048
namioka,20190320165125392053000,30532,12987,25419
namioka,20190320165125396489000,4381,18226,24165
namioka,20190320165125400852000,4066,27211,6817
namioka,20190320165125405230000,796,16994,28538
namioka,20190320165125409382000,21787,10271,12092
namioka,20190320165125413791000,21236,17979,27405
namioka,20190320165125418075000,16479,15930,6805
namioka,20190320165125422339000,20372,7092,804
namioka,20190320165125427014000,20435,20468,14969
namioka,20190320165125431532000,14270,19004,23328
namioka,20190320165125435904000,28615,16060,19052
namioka,20190320165125440223000,10561,16345,6016
namioka,20190320165125444404000,628,13358,23998
namioka,20190320165125448651000,4696,11440,6666
namioka,20190320165125452895000,17679,2198,794
namioka,20190320165125457242000,31414,4305,20897
namioka,20190320165125463364000,21247,2287,14157
namioka,20190320165125471598000,25842,4555,30174
namioka,20190320165125476528000,26791,30639,16278
namioka,20190320165125481666000,20700,19577,25048
namioka,20190320165125486314000,24707,24422,22166
namioka,20190320165125490857000,16077,18052,8412
namioka,20190320165125495540000,759,27410,5693
namioka,20190320165125500257000,10971,19370,15827
namioka,20190320165125506144000,14071,15544,5355
namioka,20190320165125511058000,11653,16609,19744
namioka,20190320165125515600000,8714,25621,25206
namioka,20190320165125520213000,20896,194,28498
namioka,20190320165125524591000,9173,9241,6913
namioka,20190320165125529054000,4040,27229,18766
namioka,20190320165125540144000,22814,26951,4748
namioka,20190320165125545215000,27380,4810,21352
namioka,20190320165125549953000,29619,11219,18208
namioka,20190320165125554589000,9739,21809,20431
namioka,20190320165125559023000,29986,25864,10504
namioka,20190320165125563526000,2958,29394,27432
namioka,20190320165125568369000,19059,27531,9427
namioka,20190320165125572965000,15213,6826,13776
namioka,20190320165125577562000,15665,5925,18738
namioka,20190320165125582161000,15257,23417,1062
namioka,20190320165125586550000,31782,24286,29975
namioka,20190320165125590783000,1789,1920,10987
namioka,20190320165125595286000,22350,29690,32424
namioka,20190320165125599770000,8978,19573,14983
namioka,20190320165125603936000,15281,11179,9396
namioka,20190320165125609098000,31824,4405,28843
namioka,20190320165125614084000,4442,22623,6080
namioka,20190320165125618850000,32453,26213,17914
namioka,20190320165125623795000,27781,13502,25692
namioka,20190320165125629725000,29045,4691,24118
namioka,20190320165125634136000,23234,8405,21882
namioka,20190320165125638491000,1153,25256,20962
namioka,20190320165125643016000,29220,25164,4333
namioka,20190320165125647803000,27555,14852,8992
namioka,20190320165125652242000,26598,25545,32308
namioka,20190320165125656476000,25712,10578,28275
namioka,20190320165125660764000,4716,14726,20914
namioka,20190320165125665153000,6883,22990,3888
namioka,20190320165125669354000,21031,10670,3400
namioka,20190320165125673711000,7486,10262,3953
namioka,20190320165125678054000,32458,10211,25730
namioka,20190320165125682217000,15185,28542,32068
namioka,20190320165125686728000,15972,24525,22276
namioka,20190320165125691078000,6255,27373,17629
namioka,20190320165125695732000,21519,20,18218
namioka,20190320165125699954000,27955,22403,2088
namioka,20190320165125704282000,11486,19245,11539
namioka,20190320165125708582000,27136,18521,31430
namioka,20190320165125712828000,12943,1556,12227
namioka,20190320165125717266000,19944,25451,18607
namioka,20190320165125721461000,32663,25324,15589
namioka,20190320165125725628000,10453,22440,7806
namioka,20190320165125730362000,15878,10323,4266
namioka,20190320165125734982000,22916,5346,24622
namioka,20190320165125739914000,15853,25215,22497
namioka,20190320165125744204000,15727,5724,17209
namioka,20190320165125748443000,9414,6246,4021
namioka,20190320165125753997000,30387,5123,11961
namioka,20190320165125758363000,7576,11800,23625
namioka,20190320165125762976000,32623,11156,10660
namioka,20190320165125767410000,6314,24257,31165
namioka,20190320165125771885000,10756,13697,17903
namioka,20190320165125776449000,3288,4526,21600
namioka,20190320165125780651000,14669,13101,29403
namioka,20190320165125785093000,19702,1745,14599
namioka,20190320165125789727000,17953,24039,11730
namioka,20190320165125794031000,22986,2677,18506
namioka,20190320165125798547000,14405,4955,31625
namioka,20190320165125802772000,7985,29900,7484
namioka,20190320165125807227000,6379,4409,4741
namioka,20190320165125811985000,13458,9501,15511
namioka,20190320165125816088000,12964,21951,15827
namioka,20190320165125820413000,7990,23377,24945
namioka,20190320165125824751000,24936,19519,2629
namioka,20190320165125829186000,27462,29473,21346
namioka,20190320165125833509000,2265,5625,16630
namioka,20190320165125837878000,3001,18916,20827
namioka,20190320165125842375000,30531,28805,1596
namioka,20190320165125847127000,29856,32540,18103
namioka,20190320165125852303000,14895,16731,76
namioka,20190320165125857540000,9402,28215,2231
namioka,20190320165125862776000,28790,10512,12928
namioka,20190320165125867450000,6823,2418,18353
namioka,20190320165125872416000,23156,12961,13227
namioka,20190320165125877660000,23632,11389,25928
namioka,20190320165125882513000,9318,30026,5018
namioka,20190320165125886992000,6552,3735,2177
namioka,20190320165125891572000,2730,21478,20525
namioka,20190320165125895831000,544,13983,10603
namioka,20190320165125900181000,1129,13985,9637
namioka,20190320165125904342000,16692,667,21704
namioka,20190320165125908727000,27638,8953,15632
namioka,20190320165125913078000,4638,3386,141
namioka,20190320165125917913000,22942,27851,22708
namioka,20190320165125923271000,27829,13549,22780
namioka,20190320165125928071000,13101,1139,17576
namioka,20190320165125932739000,7809,26231,15510
namioka,20190320165125937153000,28701,16661,8020
namioka,20190320165125941487000,6746,23157,3919
namioka,20190320165125946152000,20386,17943,11944
namioka,20190320165125952361000,24649,9617,8159
namioka,20190320165125958323000,10565,10058,7446
namioka,20190320165125965441000,24941,29130,13581
namioka,20190320165125973114000,2136,648,20975
namioka,20190320165125979802000,23228,7607,4119
namioka,20190320165125984282000,6675,7351,26144
namioka,20190320165125988630000,27410,5759,13209
namioka,20190320165125994596000,9598,8959,13635
namioka,20190320165125999296000,6055,11403,5950
namioka,20190320165126005409000,14570,22544,19430
namioka,20190320165126011886000,10182,32415,19394
namioka,20190320165126018239000,27934,2033,3527
namioka,20190320165126024004000,9039,16896,14269
namioka,20190320165126031388000,31452,14642,7903
namioka,20190320165126038820000,26396,9900,10163
namioka,20190320165126043620000,31644,544,21225
namioka,20190320165126049900000,31153,10772,23151
namioka,20190320165126054243000,21001,30043,18361
namioka,20190320165126058618000,26279,5700,20
namioka,20190320165126067549000,18865,15069,18504
namioka,20190320165126077993000,10509,14966,19117
namioka,20190320165126083720000,31182,8063,2341
namioka,20190320165126097893000,10485,6676,16258
namioka,20190320165126108701000,7758,25065,18137
namioka,20190320165126116890000,30868,31602,5897
namioka,20190320165126123041000,2182,27141,5471
namioka,20190320165126130655000,19407,9656,30980
namioka,20190320165126135743000,10385,2844,218
namioka,20190320165126140835000,9212,7149,15434
namioka,20190320165126146576000,19837,32153,26827
namioka,20190320165126152638000,6004,31121,21925
namioka,20190320165126158437000,149,27465,18403
namioka,20190320165126164312000,12576,532,12104
namioka,20190320165126170634000,17952,6739,26829
namioka,20190320165126179238000,18561,17819,2848
namioka,20190320165126192409000,14841,17085,24619
namioka,20190320165126202671000,29758,17357,5841
namioka,20190320165126211835000,12000,6957,29823
namioka,20190320165126216932000,29125,23426,24115
namioka,20190320165126221841000,2490,14749,10016
namioka,20190320165126226961000,20972,860,13006
namioka,20190320165126232682000,16878,5808,15234
namioka,20190320165126237883000,29050,17244,10971
namioka,20190320165126243067000,24629,30423,20570
namioka,20190320165126248546000,414,20355,18077
namioka,20190320165126253022000,8219,2663,19573
namioka,20190320165126257984000,17338,8071,10133
namioka,20190320165126264871000,20063,27524,20240
namioka,20190320165126269941000,27652,15446,32441
namioka,20190320165126274652000,17554,10042,2657
namioka,20190320165126279648000,15418,9467,9725
namioka,20190320165126284669000,16096,12453,27129
namioka,20190320165126291839000,8471,14892,20078
namioka,20190320165126297124000,20147,613,1267
namioka,20190320165126301492000,4721,4973,6212
namioka,20190320165126305716000,13636,17924,25732
namioka,20190320165126310380000,27535,10293,20414
namioka,20190320165126317965000,26383,16008,5553
namioka,20190320165126322942000,24583,16548,5069
namioka,20190320165126327280000,5830,17075,15674
namioka,20190320165126331754000,19217,31296,18651
namioka,20190320165126336161000,16565,29440,22742
namioka,20190320165126340456000,4704,3934,8738
namioka,20190320165126345353000,10429,23208,2151
namioka,20190320165126349912000,24566,11683,31164
namioka,20190320165126354498000,31452,17684,30704
namioka,20190320165126359284000,2054,6093,19445
namioka,20190320165126366126000,30030,6586,12373
namioka,20190320165126370583000,26299,15072,31413
namioka,20190320165126375116000,16913,10507,24852
namioka,20190320165126380643000,4072,2187,6162
namioka,20190320165126384899000,29973,22497,21229
namioka,20190320165126389336000,25945,490,25929
namioka,20190320165126394263000,19026,531,2667
namioka,20190320165126399018000,15840,31202,10765
namioka,20190320165126403432000,28284,23645,1089
namioka,20190320165126407721000,31024,4288,25937
namioka,20190320165126413244000,18537,2781,32027
namioka,20190320165126420188000,8219,1245,2025
namioka,20190320165126424564000,9046,14825,18797
namioka,20190320165126428782000,17990,20846,26769
namioka,20190320165126433378000,21478,22445,27526
namioka,20190320165126437684000,21095,7770,28271
namioka,20190320165126442023000,25369,16946,5555
namioka,20190320165126447395000,29902,23202,4047
namioka,20190320165126451808000,4705,29969,32208
namioka,20190320165126455972000,12143,28497,19516
namioka,20190320165126460224000,15934,10682,9736
namioka,20190320165126464698000,4291,18431,2226
namioka,20190320165126469205000,6973,25817,11602
namioka,20190320165126473786000,11195,11947,15174
namioka,20190320165126478762000,10566,26766,25644
namioka,20190320165126483377000,22684,15939,21863
namioka,20190320165126488034000,1219,30457,32687
namioka,20190320165126493016000,6239,17682,29575
namioka,20190320165126500085000,21657,25745,4465
namioka,20190320165126508151000,26494,20108,3746
namioka,20190320165126513793000,26936,13750,3967
namioka,20190320165126518219000,32065,29604,13792
namioka,20190320165126522496000,14806,20144,15594
namioka,20190320165126526744000,23967,5102,17497
namioka,20190320165126531307000,23544,18148,17947
namioka,20190320165126535723000,27064,25599,14226
namioka,20190320165126540021000,2996,7107,20576
namioka,20190320165126544482000,29497,24615,21184
namioka,20190320165126548684000,4401,20285,886
namioka,20190320165126552993000,24063,24292,2515
namioka,20190320165126557925000,13946,22887,10715
namioka,20190320165126563020000,5579,30170,25139
namioka,20190320165126567361000,15776,7013,11216
namioka,20190320165126571556000,14473,28381,19072
namioka,20190320165126575739000,21528,16069,7652
namioka,20190320165126580280000,7376,28862,7966
namioka,20190320165126584894000,10611,26654,23293
namioka,20190320165126589264000,27366,21067,24461
namioka,20190320165126593950000,17806,14106,15057
namioka,20190320165126598698000,3447,15588,27802
namioka,20190320165126602942000,7811,32095,2054
namioka,20190320165126607199000,24589,21202,7729
namioka,20190320165126611847000,25552,13553,30894
namioka,20190320165126616029000,15536,26739,11484
namioka,20190320165126620286000,19520,8235,4017
namioka,20190320165126624519000,22158,9328,27137
namioka,20190320165126628668000,13124,28042,12957
namioka,20190320165126633099000,10401,2871,29610
namioka,20190320165126637346000,26265,3939,20411
namioka,20190320165126641778000,20019,8814,3570
namioka,20190320165126646496000,25731,2786,12825
namioka,20190320165126650770000,22510,7629,10455
namioka,20190320165126655357000,23991,24792,11284
namioka,20190320165126659641000,10955,18831,1200
namioka,20190320165126664162000,23617,3496,19927
namioka,20190320165126668496000,10077,10423,9774
namioka,20190320165126673101000,25830,32755,18899
namioka,20190320165126677505000,6560,145,3484
namioka,20190320165126681933000,7280,8522,20375
namioka,20190320165126686327000,31826,5384,30728
namioka,20190320165126690756000,7861,15115,862
namioka,20190320165126695009000,27188,13140,11626
namioka,20190320165126699344000,15134,21307,26949
namioka,20190320165126703958000,29059,28609,2623
namioka,20190320165126708714000,23776,16546,7053
namioka,20190320165126713543000,1294,14295,13426
namioka,20190320165126717743000,28544,6198,18634
namioka,20190320165126722832000,32088,18166,27272
namioka,20190320165126728079000,15456,31976,11185
namioka,20190320165126735383000,14909,14447,16480
namioka,20190320165126739925000,10924,9987,21411
namioka,20190320165126744446000,18083,20013,5718
namioka,20190320165126748537000,8237,7907,31153
namioka,20190320165126752824000,676,6400,7044
namioka,20190320165126756965000,10479,1539,19587
namioka,20190320165126761050000,2440,25414,11649
namioka,20190320165126772686000,17539,15447,13682
namioka,20190320165126778007000,5964,16843,7225
namioka,20190320165126783066000,15701,19377,8195
namioka,20190320165126787520000,16809,32247,7584
namioka,20190320165126792065000,6882,4327,19256
namioka,20190320165126797140000,7212,17069,16411
namioka,20190320165126801739000,22696,22554,13754
namioka,20190320165126806149000,28636,31811,26379
namioka,20190320165126810835000,14953,6519,913
namioka,20190320165126815124000,28521,11357,14894
namioka,20190320165126819316000,31559,4745,5276
namioka,20190320165126823663000,17446,26320,12117
namioka,20190320165126828187000,8770,24064,11431
namioka,20190320165126833054000,22857,9462,13597
namioka,20190320165126837476000,12576,28741,24872
namioka,20190320165126842020000,20999,28343,24578
namioka,20190320165126847379000,22645,4508,18059
namioka,20190320165126851858000,7933,20199,15332
namioka,20190320165126856263000,6700,26110,17062
